{"cameraMode":{"drawMode":0,"name":"Shaded","section":"Shading Mode"},"sceneLighting":false,"audioPlay":false,"sceneViewState":{"showFog":true,"showMaterialUpdate":false,"showSkybox":false,"showFlares":true,"showImageEffects":true,"showParticleSystems":true},"in2DMode":false,"pivot":{"x":0.7833052277565002,"y":0.7022184133529663,"z":0.14119219779968263},"rotation":{"x":0.20706981420516969,"y":0.12434828281402588,"z":-0.0265448410063982,"w":0.9700284004211426},"size":2.5681240558624269,"orthographic":false}