{"cameraMode":{"drawMode":0,"name":"Shaded","section":"Shading Mode"},"sceneLighting":false,"audioPlay":false,"sceneViewState":{"showFog":true,"showMaterialUpdate":false,"showSkybox":false,"showFlares":true,"showImageEffects":true,"showParticleSystems":true},"in2DMode":false,"pivot":{"x":1.4901161193847657e-8,"y":0.34999990463256838,"z":0.0},"rotation":{"x":0.1881818324327469,"y":-0.0014781465288251639,"z":0.00028266472509130836,"w":0.9821330904960632},"size":2.396763801574707,"orthographic":false}