{"cameraMode":{"drawMode":0,"name":"Shaded","section":"Shading Mode"},"sceneLighting":false,"audioPlay":false,"sceneViewState":{"showFog":true,"showMaterialUpdate":false,"showSkybox":false,"showFlares":true,"showImageEffects":true,"showParticleSystems":true},"in2DMode":false,"pivot":{"x":0.5300002098083496,"y":2.4499998092651369,"z":-0.06499981880187988},"rotation":{"x":-0.18046432733535767,"y":0.8195334076881409,"z":-0.3856299817562103,"w":-0.38351941108703616},"size":16.989593505859376,"orthographic":false}