{"cameraMode":{"drawMode":0,"name":"Shaded","section":"Shading Mode"},"sceneLighting":false,"audioPlay":false,"sceneViewState":{"showFog":true,"showMaterialUpdate":false,"showSkybox":false,"showFlares":true,"showImageEffects":true,"showParticleSystems":true},"in2DMode":false,"pivot":{"x":-0.36626386642456057,"y":-0.16977384686470033,"z":-0.11532175540924072},"rotation":{"x":0.4359324276447296,"y":0.4671119451522827,"z":-0.28498369455337527,"w":0.714530348777771},"size":2.6157009601593019,"orthographic":false}