{"cameraMode":{"drawMode":0,"name":"Shaded","section":"Shading Mode"},"sceneLighting":true,"audioPlay":false,"sceneViewState":{"showFog":true,"showMaterialUpdate":false,"showSkybox":true,"showFlares":true,"showImageEffects":true,"showParticleSystems":true},"in2DMode":false,"pivot":{"x":209.74380493164063,"y":879.7950439453125,"z":0.0},"rotation":{"x":0.3633541166782379,"y":0.02542484924197197,"z":-0.009920244105160237,"w":0.9312512874603272},"size":727.3392944335938,"orthographic":false}