{"cameraMode":{"drawMode":0,"name":"Shaded","section":"Shading Mode"},"sceneLighting":false,"audioPlay":false,"sceneViewState":{"showFog":true,"showMaterialUpdate":false,"showSkybox":false,"showFlares":true,"showImageEffects":true,"showParticleSystems":true},"in2DMode":false,"pivot":{"x":0.1643517017364502,"y":1.1360334157943726,"z":-0.19309258460998536},"rotation":{"x":0.2901233434677124,"y":0.5275195240974426,"z":-0.19784395396709443,"w":0.7735692858695984},"size":2.992358922958374,"orthographic":false}